{"mrna_amounts":{"LOXIMVI_SKIN":{"MLST8":8.062302,"FGFRL1":6.324737,"RASA1":11.296610000000001,"MAP2K1":10.279539999999999,"PRKAA1":7.875152000000001,"ERBB2":5.860285,"PAK3":null,"KSR2":4.150742,"SPRY2":9.572674000000001,"RHOG":10.01586,"PIK3R6":3.852758,"SPRY3":null,"RASA3":5.783509,"RAC3":7.972652,"PIK3R1":7.371811999999999,"RB1":7.723889,"RASAL3":5.124334999999999,"SHC3":4.990921,"EIF4EBP1":11.83468,"TIAM1":5.962674,"PRKAB1":7.630452,"CCND1":9.876085,"SPRY4":7.465106,"RASGRF2":null,"HRAS":9.996981,"SHC1":9.993078,"ROCK1":6.266430000000001,"NRAS":9.844805000000001,"RHEB":7.828855,"TP53":7.878647,"RHOA":12.579930000000001,"MTOR":6.558367,"ROS1":4.010905,"MAPK3":7.468097,"RASGRP1":3.4918489999999998,"PRKAB2":8.20265,"PIK3R3":4.343437000000001,"RAF1":9.701856,"BRAF":6.573564,"SOS1":7.865421,"SOS2":6.9379919999999995,"JUND":7.152866,"FGFR3":4.952807,"EGFR":7.34001,"FOSL1":13.07651,"PRKAA2":4.098503,"RALB":9.959339,"PDPK1":9.014975,"DUSP1":9.360681,"ARAF":null,"PRKAG1":10.44985,"PIK3CG":4.680079,"RALA":10.47213,"FOSB":6.987091,"SPRY1":4.888545,"ARHGAP35":null,"KRAS":10.35267,"PIK3CA":8.271298,"PAK2":9.061989,"RASGRF1":4.2530779999999995,"PAK4":9.111157,"FOS":9.366854,"PAK6":4.474149,"RASAL2":6.3357529999999995,"PTEN":8.225351,"FGFR1":9.44031,"TSC1":7.6230199999999995,"MAPK1":8.806274,"PIK3R2":6.641961,"ROCK2":6.9379919999999995,"FOSL2":6.912521000000001,"PRKAG3":4.122423,"AKT1":9.034469999999999,"RHOB":5.875661,"SPRED3":null,"RHOC":12.00975,"PDGFRA":4.774464,"PRKAG2":8.065513000000001,"RALGDS":6.9952190000000005,"GRB2":9.765006,"ALK":4.697644,"RPS6KB2":6.870028,"AKT3":7.89243,"ETS1":9.415799,"PDGFRB":4.9993669999999995,"ETS2":7.412094000000001,"SHC4":3.780181,"PAK5":3.592362,"DUSP4":4.262677,"PIK3CB":6.348658,"RASGRP3":3.8075639999999997,"JUN":10.467039999999999,"CDK4":11.95375,"SPRED1":7.736342,"RPS6KB1":8.68067,"MAP2K2":9.380253999999999,"TSC2":7.989202000000001,"DUSP6":11.18413,"FGFR4":4.8014779999999995,"KSR1":4.202417,"FGFR2":4.273480999999999,"PAK1":8.041885,"MAPKAP1":9.850109,"RAC1":12.809510000000001,"RICTOR":7.941899,"SHC2":5.503746,"RASGRP2":3.83244,"DUSP2":4.321217,"TIAM2":4.621071,"CDK6":8.490337,"STK11":6.952109,"SPRED2":7.926755,"RASGRP4":3.91075,"NF1":7.066364,"RASAL1":4.979138,"MDM2":6.483479,"DUSP5":9.028764,"PIK3CD":6.519727,"DUSP3":9.30926,"AKT2":6.155111,"RAC2":10.369000000000002,"PIK3R4":9.200685,"JUNB":8.291086,"PIK3R5":4.594354,"RASA2":7.446663}}}