{"ALK":{"x":596.2330274070323,"y":-1427.131648110836},"GRB2":{"x":1170.0934542174718,"y":-1090.131646110836},"SHC":{"x":1457.093455217472,"y":-1040.131646110836},"ARAF":{"x":-1183.807296701363,"y":-216.1316411108361},"MAP2K1":{"x":-1329.401461067924,"y":170.86836188916388},"MAP2K2":{"x":-1042.4014600679238,"y":170.86836188916388},"BRAF":{"x":-896.8072957013632,"y":-216.1316411108361},"CCND1":{"x":-764.4946150556335,"y":894.8683668891639},"CDK4":{"x":-1066.503335334722,"y":1231.8683688891635},"CDK6":{"x":-779.5033343347221,"y":1231.8683688891635},"EGFR":{"x":883.2330284070323,"y":-1427.131648110836},"ERBB2":{"x":1170.2330294070323,"y":-1427.131648110836},"ETS":{"x":-930.4848081097974,"y":557.8683648891638},"DUSP":{"x":-1051.4946160556335,"y":894.8683668891639},"MDM2":{"x":-477.4946140556336,"y":894.8683668891639},"FGFR":{"x":1457.2330304070322,"y":-1427.131648110836},"FOS family":{"x":-643.4848071097973,"y":557.8683648891638},"RASGRF":{"x":1168.6173146109913,"y":-703.1316441108361},"SOS":{"x":1455.617315610991,"y":-703.1316441108361},"Growth factor proteins":{"x":1273.5830176098302,"y":-1722.4842389141425},"PDGFR":{"x":1744.2330314070323,"y":-1427.131648110836},"ROS1":{"x":2031.2330324070324,"y":-1427.131648110836},"HRAS":{"x":-222.80729170136343,"y":-266.13164111083614},"PI3K p110":{"x":-30.340853210895176,"y":120.86836188916386},"PIK3R I":{"x":256.6591477891048,"y":120.86836188916386},"RAF1":{"x":-609.8072947013633,"y":-216.1316411108361},"RALGDS":{"x":688.1927122986366,"y":20.868360889163863},"JUN family":{"x":-356.4848061097973,"y":557.8683648891638},"KRAS":{"x":64.19270929863644,"y":-266.13164111083614},"MAPK1":{"x":-1604.4848121097973,"y":557.8683648891638},"MAPK3":{"x":-1317.4848111097972,"y":557.8683648891638},"NRAS":{"x":351.19271029863654,"y":-266.13164111083614},"PDPK1":{"x":-19.484804109797476,"y":744.8683648891638},"AKT":{"x":229.01555156180154,"y":1031.868365889164},"PIP3":{"x":267.5151968902026,"y":507.86836388916385},"TIAM":{"x":554.5151978902027,"y":557.8683638891639},"RAC":{"x":679.5515799768947,"y":844.8683648891639},"PAK":{"x":805.4966736652779,"y":1131.868365889164},"RALA":{"x":891.5151998902024,"y":357.86836288916385},"RALB":{"x":1178.5152008902023,"y":357.86836288916385},"RHOA":{"x":2273.192720298637,"y":-266.13164111083614},"RHOB":{"x":2560.192721298637,"y":-266.13164111083614},"RHOC":{"x":2847.1927222986374,"y":-266.13164111083614},"RASGRP":{"x":-79.38531339543009,"y":-603.1316431108362},"RHEB":{"x":422.57739879067987,"y":1705.8683698891634},"mTORC2":{"x":-39.76893728802893,"y":2092.868372889163},"ROCK1":{"x":2416.6148313341987,"y":120.86836188916386},"ROCK2":{"x":2703.614832334198,"y":120.86836188916386},"STK11":{"x":-155.50333133472213,"y":1418.8683688891633},"AMPK alpha":{"x":-488.4226052093201,"y":1755.8683708891633},"AMPK beta":{"x":-201.42260420932007,"y":1755.8683708891633},"AMPK gamma":{"x":85.57739679067993,"y":1755.8683708891633},"P90RSK":{"x":-252.4348065691548,"y":2421.515785085856},"KSR":{"x":-1520.8072987013627,"y":-266.13164111083614},"TSC1":{"x":181.49667066527786,"y":1368.868367889164},"TSC2":{"x":468.4966716652778,"y":1368.868367889164},"ARHGAP35":{"x":738.1927132986369,"y":-316.13164111083614},"RB1":{"x":-934.689415180413,"y":1568.8683708891633},"TP53":{"x":-442.5033323347221,"y":1181.8683678891637},"NF1":{"x":1025.192714298637,"y":-316.13164111083614},"PTEN":{"x":-19.484804109797476,"y":457.86836388916385},"RASAL":{"x":1312.1927152986368,"y":-316.13164111083614},"RASA":{"x":1599.1927162986367,"y":-316.13164111083614},"SPRED":{"x":1886.1927172986368,"y":-316.13164111083614},"SPRY":{"x":207.6146876045699,"y":-603.1316431108362},"EIF4EBP1":{"x":-37.58840420882105,"y":2379.8683738891627},"Group[166, 168]":{"x":272.2096774970067,"y":1410.5157790858557},"Group[150, 148, 152]":{"x":-265.3897938236172,"y":1797.5157820858558},"Group[54, 56]":{"x":76.1349780595728,"y":162.51577308585615},"Group[38, 40]":{"x":1274.026145044375,"y":-661.4842329141433},"Group[7, 9]":{"x":-1227.9838763213502,"y":297.29637473997747},"Group[51, 66, 85]":{"x":26.152433952099443,"y":-224.4842299141435},"Group[131, 129]":{"x":2522.133133751282,"y":162.51577308585615},"Group[1, 19, 22, 31, 47, 49]":{"x":1273.6094887615964,"y":-1385.4842369141427},"Group[116, 118, 120]":{"x":2522.1524459520997,"y":-224.4842299141435},"Group[73, 75]":{"x":-1502.317063144724,"y":684.2963777399774},"Group[15, 17]":{"x":-975.7903285029931,"y":1358.2963817399775},"Group[173, 187, 203, 196, 210]":{"x":1266.9024399520995,"y":-274.4842299141435},"Group[25, 34, 62]":{"x":-684.8170586447239,"y":684.2963777399774},"Group[109, 111]":{"x":993.682948855276,"y":399.5157740858561},"Group[6, 11, 58]":{"x":-934.8475710479004,"y":-89.70362826002253},"Growth-factor proteins":{"x":1313.7229693093743,"y":-1764.131650110836},"RPS6KB1":{"x":-376.7689392880289,"y":2142.8683738891627},"RPS6KB2":{"x":-663.768940288029,"y":2142.8683738891627},"Group[0, 18, 21, 30, 46, 48]":{"x":1313.7330299070325,"y":-1427.131648110836},"Group[5, 10, 57]":{"x":-896.807295701363,"y":-216.13164111083609},"Group[6, 8]":{"x":-1185.901460567924,"y":170.8683618891639},"Group[14, 16]":{"x":-923.003334834722,"y":1231.8683688891635},"Group[24, 33, 61]":{"x":-643.4848071097974,"y":557.8683648891638},"Group[37, 39]":{"x":1312.117315110991,"y":-703.1316441108361},"Group[50, 65, 84]":{"x":64.19270929863657,"y":-266.13164111083614},"Group[53, 55]":{"x":113.15914728910481,"y":120.86836188916385},"Group[72, 74]":{"x":-1460.9848116097974,"y":557.8683648891638},"Group[108, 110]":{"x":1035.0152003902024,"y":357.86836288916385},"Group[115, 117, 119]":{"x":2560.1927212986375,"y":-266.13164111083614},"Group[128, 130]":{"x":2560.1148318341984,"y":120.86836188916385},"Group[147, 149, 151]":{"x":-201.42260420932013,"y":1755.8683708891633},"Group[154, 156]":{"x":-520.2689397880289,"y":2142.8683738891627},"Group[167, 169]":{"x":324.9966711652778,"y":1368.868367889164},"Group[174, 188, 197, 204, 211]":{"x":1304.9427152986368,"y":-316.13164111083614}}