{"ESR1":{"x":681.0768450500361,"y":327.2834791194935},"PLK1":{"x":622.7665900623178,"y":801.2834811194934},"AKT1":{"x":968.0768460500361,"y":277.2834791194935},"GSK3B":{"x":107.07684305003613,"y":327.2834791194935},"MTOR":{"x":1255.0768470500361,"y":351.7572742051914},"AKT2":{"x":909.7665910623178,"y":614.2834801194936},"AKT3":{"x":847.7961041446734,"y":-9.716521880506454},"BLK":{"x":603.3692325802102,"y":-346.7165228805065},"PTK2":{"x":890.3692335802103,"y":-296.7165228805065},"MAP2K1":{"x":-466.92315894996386,"y":241.9785812737713},"MAPK1":{"x":-179.9231579499639,"y":242.0140398564087},"MAPK3":{"x":-606.776270929225,"y":578.9785822737713},"RAF1":{"x":-753.9231599499639,"y":291.97858127377134},"RPS6KA1":{"x":6.80302899134082,"y":614.2834801194936},"RPS6KB1":{"x":394.0768440500361,"y":514.2834801194936},"EIF4EBP1":{"x":1258.2017528007223,"y":638.7572752051914},"PDPK1":{"x":394.0768440500361,"y":227.28347911949353},"PIK3CA":{"x":560.7961031446733,"y":-59.716521880506455},"CHEK2":{"x":909.7665910623178,"y":901.2834811194934},"PRKCA":{"x":316.3692315802102,"y":-346.7165228805065},"SRC":{"x":1177.36923458021,"y":-59.716521880506455},"RPS6":{"x":205.64427346395556,"y":901.2834811194934},"S167":{"x":407.28498533143284,"y":475.7353530119486},"S118":{"x":352.2177537168011,"y":503.7935089528076},"S473":{"x":694.2849863314328,"y":425.7353530119486},"T308":{"x":639.2177547168012,"y":453.7935089528076},"S9":{"x":-221.78224828319878,"y":503.7935089528076},"S2448":{"x":694.2849863314328,"y":712.7353540119485},"S474":{"x":120.28498433143284,"y":375.7353530119486},"T306":{"x":65.21775271680121,"y":403.7935089528076},"S472":{"x":581.1589818979023,"y":138.73535201194858},"T305":{"x":526.0917502832708,"y":166.7935079528076},"Y397":{"x":581.1589818979023,"y":-148.26464898805145},"S218":{"x":-258.1531804433836,"y":-535.2646499880514},"T185":{"x":-279.8410211020976,"y":88.73535201194855},"T202":{"x":-109.84246825689414,"y":-198.26464898805142},"T359":{"x":-453.71501766856716,"y":431.19251335948945},"T412":{"x":120.28498433143284,"y":662.7353540119485},"S65":{"x":705.1024222400367,"y":999.7353550119485},"T37":{"x":650.035190625405,"y":1027.7935109528075},"T70":{"x":588.9926941474272,"y":1018.1253293121306},"S241":{"x":102.11435240713634,"y":949.7353550119485},"T68":{"x":403.1930285771701,"y":1049.7353550119483},"S657":{"x":206.6620694671764,"y":-198.26464898805142},"Y":{"x":-47.90825171672925,"y":116.79350795280757},"S235":{"x":-184.88564859286367,"y":762.7353540119486},"S240":{"x":-239.9528802074953,"y":790.7935099528077}}
